#;Projeto;Família;Descrição da Obra;Data;Status;Tipo Intervenção;PowerON;Equipamentos;Início;Fim;Contratada;Responsável;Longitude;Latitude
1;DAC/A.LES.25.00723;DAC;Ligação Nova;27/05/2026;Cancelado;FI;16235175;356ET052591;10:00;13:00;Start Engenharia (Área 8B, 9 e 11) NEC;Técnico Enel Gilmar Campos;Não informado;Não informado
2;DMP/A.LES.25.04129;DMP;Reforma de Rede Secundaria RTRI;27/05/2026;Executado;FI;16200998;356ET055935;09:30;12:30;Start Engenharia (Área 8B, 9 e 11) NEC;Técnico Enel Gilmar Campos;Não informado;Não informado
3;DMP/A.LES.25.05795;DMP;Reforma de Rede Secundaria RTRI;27/05/2026;Executado;FI;16201080;356ET027458;10:00;13:00;Start Engenharia (Área 8B, 9 e 11) NEC;Técnico Enel Gilmar Campos;Não informado;Não informado
4;DAC/A.LES.25.01193;DAC;Ligação Nova;27/05/2026;Executado;PIE;16211084;353ET010105;00:30;04:30;Start Engenharia (Área 8B, 9 e 11) NEC;Técnico Enel Gilmar Campos;Não informado;Não informado
5;DMP/A.LES.25.02499;DMP;Reforma de Rede Secundaria RTRI;27/05/2026;Executado Parcial;FI;16201701;356ET160603;10:30;14:30;Engelmig (Área 11) NEC e UPS;Técnico Enel Gilmar Campos;Não informado;Não informado
6;DAC/A.LES.26.00347;DAC;Alteração de Carga;27/05/2026;Executado Parcial;FI;16212244;353ET042932;10:00;14:00;Start Engenharia (Área 8B, 9 e 11) NEC;Técnico Enel Gilmar Campos;Não informado;Não informado
7;DAC/A.LES.26.00199;DAC;Ligação Nova;27/05/2026;Executado Parcial;FI;16200965;353ET065828;10:00;14:00;Start Engenharia (Área 8B, 9 e 11) NEC;Técnico Enel Gilmar Campos;Não informado;Não informado
8;DAC/A.LES.25.01238;DAC;Ligação Nova;27/05/2026;Executado;FI;16188499;010ET080957;10:00;14:00;Start Engenharia (Área 8B, 9 e 11) NEC;Técnico Enel Gilmar Campos;Não informado;Não informado
9;DAC/A.LES.26.00622;DAC;Alteração de Carga;27/05/2026;Executado;FI;16201235;356ET161341;14:00;17:00;Start Engenharia (Área 8B, 9 e 11) NEC;Técnico Enel Gilmar Campos;Não informado;Não informado
10;DAC/A.LES.26.00082;DAC;Ligação Nova;27/05/2026;Executado;FI;16205972;353ET006176;10:00;14:00;Start Engenharia (Área 8B, 9 e 11) NEC;Técnico Enel Gilmar Campos;Não informado;Não informado
11;DAC/A.LES.26.00345;DAC;Ligação Nova;27/05/2026;Executado;FI;16188581;010ET002644;10:00;14:00;Start Engenharia (Área 8B, 9 e 11) NEC;Técnico Enel Gilmar Campos;Não informado;Não informado
12;DAC/A.NOR.26.00016;DAC;Ligação Nova;27/05/2026;Executado Parcial;FI;16200972;354ET011769;10:00;14:00;Conecta Obras (Área 4 e 5) NEC;Técnico Enel Gilmar Campos;Não informado;Não informado
13;DAC/A.NOR.26.00290;DAC;Alteração de Carga;27/05/2026;Executado;FI;16201647;351ET058130;10:00;14:00;Conecta Obras (Área 4 e 5) NEC;Técnico Enel Gilmar Campos;Não informado;Não informado
14;DAC/A.NOR.25.01627;DAC;Ligação Nova;27/05/2026;Executado;FI;16200236;251EP006743;10:00;13:00;Conecta Obras (Área 4 e 5) NEC;Técnico Enel Gilmar Campos;Não informado;Não informado
15;DAC/A.NOR.26.00119;DAC;Alteração de Carga;27/05/2026;Executado;FI;16200240;252ET008929;10:00;14:00;Conecta Obras (Área 4 e 5) NEC;Técnico Enel Gilmar Campos;Não informado;Não informado
16;DMP/A.NOR.25.01398;DMP;Religador Automático;27/05/2026;Executado;FI;16201231;ET-021770;10:00;14:00;Conecta Elicord NEC;Técnico Enel Gilmar Campos;Não informado;Não informado
17;DAC/A.NOR.25.01568;DAC;Ligação Provisória;27/05/2026;Cancelado;FI;16200523;257ET072735;10:30;14:30;Conecta Obras (Área 4 e 5) NEC;Técnico Enel Gilmar Campos;Não informado;Não informado
18;DAC/A.NOR.25.01616;DAC;Ligação Nova;27/05/2026;Executado;FI;16201983;ET-044173;10:30;14:30;Conecta Obras (Área 4 e 5) NEC;Técnico Enel Gilmar Campos;Não informado;Não informado
19;DAC/A.NOR.26.00043;DAC;Alteração de Carga;27/05/2026;Executado;FI;16200130;251ET004504;10:00;14:00;Conecta Obras (Área 4 e 5) NEC;Técnico Enel Gilmar Campos;Não informado;Não informado
20;DAC/A.NOR.25.00717;DAC;Ligação Provisória;27/05/2026;Executado;BRA;16254649;354ET051783;09:00;17:00;Conecta Obras (Área 4 e 5) NEC;Técnico Enel Gilmar Campos;Não informado;Não informado
21;DAC/A.NOR.24.01011;DAC;Remoção de Posto Primário;27/05/2026;Liberado para Execução;BRA;CANCELADO;257EP010244;08:00;17:00;Conecta Obras Extras (Área 4 e 5) NEC;Técnico Enel Gilmar Campos;Não informado;Não informado
22;DAC/A.NOR.25.01773;DAC;Ligação Nova;27/05/2026;Executado Parcial;BRA;16254887;ET-023252;08:00;17:00;Conecta Obras (Área 4 e 5) NEC;Técnico Enel Gilmar Campos;Não informado;Não informado
23;DAC/A.LES.25.00278;DAC;Remoção de Posto Primário;27/05/2026;Executado;BRA;16254712;353EP001669;08:00;17:00;Conecta Obras Extras (Área 8B, 9 e 11) NEC;Técnico Enel Gilmar Campos;Não informado;Não informado
24;DMP/A.NOR.25.07509;DMP;Segurança Operativa;27/05/2026;Executado Parcial;BRA;16254259;251ET015122;08:00;17:00;Conecta Obras (Área 4 e 5) NEC;Técnico Enel Gilmar Campos;Não informado;Não informado
25;DAC/A.LES.25.00949;DAC;Alteração de Carga;27/05/2026;Cancelado;PIE;16211084;353ET001334;00:30;04:30;Start Engenharia (Área 8B, 9 e 11) NEC;Técnico Enel Gilmar Campos;Não informado;Não informado
26;DAC/A.LES.26.00592;DAC;Ligação Nova;27/05/2026;Executado;OLVR;Não informado;356ET160245;10:00;15:00;Start Engenharia (Área 8B, 9 e 11) NEC;Técnico Enel Gilmar Campos;Não informado;Não informado
27;DAC/A.NOR.26.00147;DAC;Ligação Nova;27/05/2026;Cancelado;BRA;CANCELADO;251ET013885;08:00;17:00;Conecta Obras (Área 4 e 5) NEC;Técnico Enel Gilmar Campos;Não informado;Não informado
28;DAC/A.LES.25.00860;DAC;Alteração de Carga;28/05/2026;Rascunho;FI;Não informado;CH-018884;10:00;15:00;Start Engenharia (Área 8B, 9 e 11) NEC;Técnico Enel Gilmar Campos;Não informado;Não informado
29;DAC/A.LES.25.01136;DAC;Ligação Provisória;28/05/2026;Executado;PIE;16213883;353EP007399;00:30;04:30;Start Engenharia (Área 8B, 9 e 11) NEC;Técnico Enel Gilmar Campos;Não informado;Não informado
30;DMP/A.LES.21.28304;DMP;Reforma de Rede Secundária;28/05/2026;Executado;FI;16202563;356ET160703;10:00;13:00;Engelmig (Área 11) NEC e UPS;Técnico Enel Gilmar Campos;Não informado;Não informado
31;DMP/A.LES.22.07343;DMP;Reforma de Rede Secundária;28/05/2026;Executado Parcial;FI;16202294;356ET092111;11:00;15:00;Engelmig (Área 11) NEC e UPS;Técnico Enel Gilmar Campos;Não informado;Não informado
32;DAC/A.NOR.25.01726;DAC;Migração para Média Tensão;28/05/2026;Liberado para Execução;PIE;16219196;ET-038083;10:00;14:00;Conecta Obras (Área 4 e 5) NEC;Técnico Enel Gilmar Campos;Não informado;Não informado
33;DMP/A.LES.25.00989;DMP;Rede Compacta;28/05/2026;Liberado para Execução;FI;16201850;015ET060859;10:00;14:00;Start Engenharia (Área 8B, 9 e 11) NEC;Técnico Enel Gilmar Campos;Não informado;Não informado
34;DAC/A.LES.25.01181;DAC;Ligação Nova;28/05/2026;Liberado para Execução;FI;16208068;353ET008536;10:00;14:00;Conecta Obras Extras (Área 8B, 9 e 11) NEC;Técnico Enel Gilmar Campos;Não informado;Não informado
35;DAC/A.NOR.25.00202;DAC;Ligação Nova;28/05/2026;Liberado para Execução;FI;16206829;257ET029210;10:00;14:00;Conecta Obras (Área 4 e 5) NEC;Técnico Enel Gilmar Campos;Não informado;Não informado
36;DAC/A.NOR.25.00979;DAC;Ligação Provisória;28/05/2026;Liberado para Execução;BRA;16265274;251ET132431;09:00;17:00;Conecta Obras (Área 4 e 5) NEC;Técnico Enel Gilmar Campos;Não informado;Não informado
37;DAC/A.NOR.26.00427;DAC;Alteração de Carga;28/05/2026;Liberado para Execução;FI;16206747;354ET094651;10:00;14:00;Conecta Obras (Área 4 e 5) NEC;Técnico Enel Gilmar Campos;Não informado;Não informado
38;DAC/A.NOR.26.00291;DAC;Ligação Nova;28/05/2026;Liberado para Execução;FI;16208139;354BF052928;10:00;14:00;Conecta Obras (Área 4 e 5) NEC;Técnico Enel Gilmar Campos;Não informado;Não informado
39;DAC/A.NOR.26.00006;DAC;Migração para Média Tensão;28/05/2026;Liberado para Execução;BRA;16265894;351ET500194;08:00;17:00;Conecta Obras (Área 4 e 5) NEC;Técnico Enel Gilmar Campos;Não informado;Não informado
40;DAC/A.NOR.26.00256;DAC;Ligação Nova;28/05/2026;Liberado para Execução;FI;16208139;354BF052928;10:00;14:00;Conecta Obras (Área 4 e 5) NEC;Técnico Enel Gilmar Campos;Não informado;Não informado
41;DAC/A.LES.25.01046;DAC;Ligação Nova;28/05/2026;Liberado para Execução;PIE;16218786;010ET030822;10:00;14:00;Conecta Obras Extras (Área 8B, 9 e 11) NEC;Técnico Enel Gilmar Campos;Não informado;Não informado
42;DAC/A.NOR.25.00833;DAC;Ligação Nova;28/05/2026;Liberado para Execução;BRA;16266104;354ET140692;08:00;17:00;Conecta Obras (Área 4 e 5) NEC;Técnico Enel Gilmar Campos;Não informado;Não informado
43;DAC/A.NOR.25.01768;DAC;Migração para Média Tensão;28/05/2026;Liberado para Execução;BRA;16265826;351EP026553;08:00;17:00;Conecta Obras (Área 4 e 5) NEC;Técnico Enel Gilmar Campos;Não informado;Não informado
44;DAC/A.LES.25.01025;DAC;Ligação Nova;28/05/2026;Cancelado;FI;16239271;010IP013776;09:00;12:00;Start Engenharia (Área 8B, 9 e 11) NEC;Técnico Enel Gilmar Campos;Não informado;Não informado
45;DMP/A.NOR.26.02776;DMP;Segurança Operativa;28/05/2026;Liberado para Execução;OLVR;Não informado;354ET132680;08:00;17:00;Conecta Obras (Área 4 e 5) NEC;Técnico Enel Gilmar Campos;Não informado;Não informado
46;DAC/A.NOR.25.01204;DAC;Alteração de Carga;28/05/2026;Liberado para Execução;BRA;16265667;257ET047926;09:00;17:00;Conecta Obras (Área 4 e 5) NEC;Técnico Enel Gilmar Campos;Não informado;Não informado
47;DAC/A.NOR.25.01580;DAC;Ligação Nova;28/05/2026;Liberado para Execução;BRA;16266055;354ET073850;09:00;17:00;Conecta Obras (Área 4 e 5) NEC;Técnico Enel Gilmar Campos;Não informado;Não informado
48;DAC/A.LES.25.00949;DAC;Alteração de Carga;28/05/2026;Executado;OLVR;Não informado;353ET173430;00:30;03:30;Start Engenharia (Área 8B, 9 e 11) NEC;Técnico Enel Gilmar Campos;Não informado;Não informado
49;DAC/A.LES.25.01043;DAC;Ligação Provisória;29/05/2026;Liberado para Execução;FI;16213250;356ET062886;01:00;04:00;Start Engenharia (Área 8B, 9 e 11) NEC;Técnico Enel Gilmar Campos;Não informado;Não informado
50;DMP/A.LES.22.05349;DMP;Reforma de Rede Secundária;29/05/2026;Liberado para Execução;FI;16211886;356ET068146;09:30;12:30;Engelmig (Área 11) NEC e UPS;Técnico Enel Gilmar Campos;Não informado;Não informado
51;DMP/A.LES.22.01006;DMP;Reforma de Rede Secundária;29/05/2026;Liberado para Execução;FI;16211254;356ET027517;13:00;16:00;Engelmig (Área 11) NEC e UPS;Técnico Enel Gilmar Campos;Não informado;Não informado
52;DMP/A.LES.22.05564;DMP;Reforma de Rede Secundária;29/05/2026;Liberado para Execução;FI;16209031;352ET161565;10:00;12:00;Engelmig (Área 11) NEC e UPS;Técnico Enel Gilmar Campos;Não informado;Não informado
53;DMP/A.LES.22.05355;DMP;Reforma de Rede Secundária;29/05/2026;Liberado para Execução;OLVR;Não informado;356ET167607;08:30;16:00;Engelmig (Área 11) NEC e UPS;Técnico Enel Gilmar Campos;Não informado;Não informado
54;DAC/A.LES.23.01111;DAC;Ligação Nova;29/05/2026;Liberado para Execução;FI;16249399;010ET078360;10:00;13:00;Start Engenharia (Área 8B, 9 e 11) NEC;Técnico Enel Gilmar Campos;Não informado;Não informado
55;DAC/A.ABC.26.00020;DAC;Ligação Nova;29/05/2026;Liberado para Execução;FI;16205368;010ET042048;14:00;17:00;Start Engenharia (Área 8B, 9 e 11) NEC;Técnico Enel Gilmar Campos;Não informado;Não informado
56;DAC/A.LES.26.00112;DAC;Ligação Provisória;29/05/2026;Liberado para Execução;FI;16212282;353ET003265;10:00;14:00;Start Engenharia (Área 8B, 9 e 11) NEC;Técnico Enel Gilmar Campos;Não informado;Não informado
57;DAC/A.LES.25.01167;DAC;Ligação Nova;29/05/2026;Liberado para Execução;FI;16203218;020ET003359;09:30;13:30;Start Engenharia (Área 8B, 9 e 11) NEC;Técnico Enel Gilmar Campos;Não informado;Não informado
58;DMP/A.LES.24.02780;DMP;Reforma de Rede Secundária;29/05/2026;Liberado para Execução;FI;16213963;356ET160468;14:30;16:30;Start Engenharia (Área 8B, 9 e 11) NEC;Técnico Enel Gilmar Campos;Não informado;Não informado
59;DAC/A.LES.25.01126;DAC;Alteração de Carga;29/05/2026;Liberado para Execução;FI;16212420;352ET166646;10:00;13:00;Start Engenharia (Área 8B, 9 e 11) NEC;Técnico Enel Gilmar Campos;Não informado;Não informado
60;DAC/A.LES.26.00521;DAC;Ligação Nova;29/05/2026;Liberado para Execução;FI;16211997;352ET030798;14:00;16:00;Start Engenharia (Área 8B, 9 e 11) NEC;Técnico Enel Gilmar Campos;Não informado;Não informado
61;DAC/A.LES.23.00238;DAC;Alteração de Carga;29/05/2026;Liberado para Execução;FI;16207850;352ET092649;09:00;12:00;Start Engenharia (Área 8B, 9 e 11) NEC;Técnico Enel Gilmar Campos;Não informado;Não informado
62;DAC/A.LES.25.01121;DAC;Ligação Nova;29/05/2026;Liberado para Execução;BRA;16269801;020ET058647;13:00;16:00;Start Engenharia (Área 8B, 9 e 11) NEC;Técnico Enel Gilmar Campos;Não informado;Não informado
63;DAC/A.LES.26.00029;DAC;Alteração de Carga;29/05/2026;Liberado para Execução;FI;16212129;352ET084845;09:00;13:00;Start Engenharia (Área 8B, 9 e 11) NEC;Técnico Enel Gilmar Campos;Não informado;Não informado
64;DAC/A.NOR.26.00340;DAC;Ligação Nova;29/05/2026;Liberado para Execução;FI;16212424;354BF015579;10:00;14:00;Conecta Obras (Área 4 e 5) NEC;Técnico Enel Gilmar Campos;Não informado;Não informado
65;DAC/A.NOR.26.00338;DAC;Migração para Média Tensão;29/05/2026;Liberado para Execução;FI;16211467;251ET003098;10:00;14:00;Conecta Obras (Área 4 e 5) NEC;Técnico Enel Gilmar Campos;Não informado;Não informado
66;DAC/A.NOR.26.00483;DAC;Alteração de Carga;29/05/2026;Liberado para Execução;FI;16212766;354ET021437;10:00;14:00;Conecta Obras (Área 4 e 5) NEC;Técnico Enel Gilmar Campos;Não informado;Não informado
67;DAC/A.NOR.26.00316;DAC;Alteração de Carga;29/05/2026;Liberado para Execução;FI;16212770;354ET076471;10:00;14:00;Conecta Obras (Área 4 e 5) NEC;Técnico Enel Gilmar Campos;Não informado;Não informado
68;DMP/A.NOR.25.01330;DMP;Substituição de Transformadores PCB;29/05/2026;Liberado para Execução;FI;16219086;351ET002541;10:00;14:00;Conecta Obras (Área 4 e 5) NEC;Técnico Enel Gilmar Campos;Não informado;Não informado
69;DAC/A.NOR.25.01300;DAC;Ligação Nova;29/05/2026;Liberado para Execução;FI;16219132;354ET005819;10:00;14:00;Conecta Obras (Área 4 e 5) NEC;Técnico Enel Gilmar Campos;Não informado;Não informado
70;DAC/A.NOR.25.01409;DAC;Ligação Nova;29/05/2026;Liberado para Execução;FI;16219315;354ET021241;10:00;14:00;Conecta Obras (Área 4 e 5) NEC;Técnico Enel Gilmar Campos;Não informado;Não informado
71;DAC/A.NOR.26.00120;DAC;Alteração de Carga;29/05/2026;Liberado para Execução;FI;16219003;151ET042226;10:00;14:00;Conecta Obras (Área 4 e 5) NEC;Técnico Enel Gilmar Campos;Não informado;Não informado
72;DMP/A.NOR.25.07515;DMP;Segurança Operativa;29/05/2026;Liberado para Execução;BRA;16269925;251ET120697;08:00;17:00;Conecta Obras (Área 4 e 5) NEC;Técnico Enel Gilmar Campos;Não informado;Não informado
73;DAC/A.NOR.25.01080;DAC;Ligação Provisória;29/05/2026;Liberado para Execução;BRA;16270027;257ET084158;08:00;17:00;Conecta Obras (Área 4 e 5) NEC;Técnico Enel Gilmar Campos;Não informado;Não informado
74;DAC/A.LES.25.01253;DAC;Ligação Nova;29/05/2026;Liberado para Execução;OLVR;Não informado;352ET162453;10:00;15:00;Start Engenharia (Área 8B, 9 e 11) NEC;Técnico Enel Gilmar Campos;Não informado;Não informado
75;DMP/A.LES.24.01600;DMP;Regulador de Tensão;29/05/2026;Liberado para Execução;BRA;16269703;015CF036028;09:00;16:00;ZZOUT-PSC Alpitel Área 9;Técnico Enel Gilmar Campos;Não informado;Não informado
76;DAC/A.NOR.23.00781;DAC;Afastamento de Rede (Clientes);29/05/2026;Liberado para Documentação;PIE;Não informado;351RA120112;08:00;17:00;Conecta Obras Extras (Área 4 e 5) NEC;Técnico Enel Gilmar Campos;Não informado;Não informado
77;DAC/A.NOR.23.00698;DAC;Afastamento de Rede (Clientes);29/05/2026;Liberado para Documentação;PIE;Não informado;351RA120112;08:00;17:00;Conecta Obras Extras (Área 4 e 5) NEC;Técnico Enel Gilmar Campos;Não informado;Não informado
78;DAC/A.NOR.23.00810;DAC;Afastamento de Rede (Clientes);29/05/2026;Liberado para Documentação;PIE;Não informado;351RA120112;08:00;17:00;Conecta Obras Extras (Área 4 e 5) NEC;Técnico Enel Gilmar Campos;Não informado;Não informado
79;DAC/A.NOR.23.00811;DAC;Afastamento de Rede (Clientes);29/05/2026;Liberado para Documentação;PIE;Não informado;351RA120112;08:00;17:00;Conecta Obras Extras (Área 4 e 5) NEC;Técnico Enel Gilmar Campos;Não informado;Não informado
80;DAC/A.NOR.23.00812;DAC;Afastamento de Rede (Clientes);29/05/2026;Liberado para Documentação;PIE;Não informado;351RA120112;08:00;17:00;Conecta Obras Extras (Área 4 e 5) NEC;Técnico Enel Gilmar Campos;Não informado;Não informado
81;DAC/A.NOR.23.00875;DAC;Afastamento de Rede (Clientes);29/05/2026;Liberado para Documentação;PIE;Não informado;351RA120112;08:00;17:00;Conecta Obras (Área 4 e 5) NEC;Técnico Enel Gilmar Campos;Não informado;Não informado
82;DAC/A.NOR.23.00841;DAC;Afastamento de Rede (Clientes);29/05/2026;Liberado para Documentação;PIE;Não informado;351RA120112;08:00;17:00;Conecta Obras Extras (Área 4 e 5) NEC;Técnico Enel Gilmar Campos;Não informado;Não informado
83;DAC/A.NOR.26.00007;DAC;Ligação Nova;30/05/2026;Liberado para Execução;PIE;16234304;251ET003579;10:00;14:00;Conecta Obras (Área 4 e 5) NEC;Técnico Enel Gilmar Campos;Não informado;Não informado
84;DAC/A.LES.26.00353;DAC;Alteração de Carga;30/05/2026;Rascunho;FI;Não informado;010ET022709;10:00;14:00;Start Engenharia (Área 8B, 9 e 11) NEC;Técnico Enel Gilmar Campos;Não informado;Não informado
85;DAC/A.LES.25.01220;DAC;Ligação Nova;30/05/2026;Liberado para Execução;PIE;16236442;352ET023358;10:00;14:00;Start Engenharia (Área 8B, 9 e 11) NEC;Técnico Enel Gilmar Campos;Não informado;Não informado
86;DAC/A.LES.25.01100;DAC;Ligação Nova;30/05/2026;Liberado para Execução;PIE;16236442;352ET023358;10:00;14:00;Start Engenharia (Área 8B, 9 e 11) NEC;Técnico Enel Gilmar Campos;Não informado;Não informado
87;DAC/A.NOR.26.00008;DAC;Migração para Média Tensão;30/05/2026;Liberado para Execução;PIE;16211521;251ET061340;10:00;14:00;Conecta Obras (Área 4 e 5) NEC;Técnico Enel Gilmar Campos;Não informado;Não informado
88;DAC/A.LES.26.00361;DAC;Ligação Nova;30/05/2026;Liberado para Execução;FI;16213400;015ET229341;10:00;14:00;Start Engenharia (Área 8B, 9 e 11) NEC;Técnico Enel Gilmar Campos;Não informado;Não informado
89;DAC/A.LES.25.00113;DAC;Alteração de Carga;30/05/2026;Liberado para Documentação;PIE;Não informado;353ET048774;10:00;14:00;Start Engenharia (Área 8B, 9 e 11) NEC;Técnico Enel Gilmar Campos;Não informado;Não informado
90;DAC/A.LES.25.00115;DAC;Alteração de Carga;30/05/2026;Liberado para Documentação;PIE;Não informado;353ET001665;10:00;14:00;Start Engenharia (Área 8B, 9 e 11) NEC;Técnico Enel Gilmar Campos;Não informado;Não informado
91;DAC/A.LES.25.00101;DAC;Alteração de Carga;30/05/2026;Liberado para Documentação;PIE;Não informado;353ET007628;10:00;14:00;Start Engenharia (Área 8B, 9 e 11) NEC;Técnico Enel Gilmar Campos;Não informado;Não informado
92;DAC/A.NOR.25.01663;DAC;Migração para Média Tensão;30/05/2026;Liberado para Execução;BRA;16274821;253RA060267;08:00;17:00;Conecta Obras (Área 4 e 5) NEC;Técnico Enel Gilmar Campos;Não informado;Não informado
93;DAC/A.NOR.25.01639;DAC;Ligação Provisória;30/05/2026;Liberado para Execução;BRA;16274785;251ET038884;08:00;17:00;Conecta Obras (Área 4 e 5) NEC;Técnico Enel Gilmar Campos;Não informado;Não informado
94;DMP/A.NOR.25.01516;DMP;Reforma de Rede Secundária;30/05/2026;Liberado para Execução;FI;16219529;257ET018551;10:00;14:00;Conecta Obras (Área 4 e 5) NEC;Técnico Enel Gilmar Campos;Não informado;Não informado
95;DAC/A.LES.25.00177;DAC;Alteração de Carga;30/05/2026;Liberado para Execução;FI;16215320;356ET093049;10:00;14:00;Conecta Obras Extras (Área 8B, 9 e 11) NEC;Técnico Enel Gilmar Campos;Não informado;Não informado
96;DAC/A.NOR.26.00004;DAC;Migração para Média Tensão;30/05/2026;Liberado para Execução;FI;16213961;251ET121785;10:00;14:00;Conecta Obras (Área 4 e 5) NEC;Técnico Enel Gilmar Campos;Não informado;Não informado
97;DAC/A.LES.25.00712;DAC;Ligação Nova;30/05/2026;Liberado para Execução;PIE;16265613;353ET004324;00:30;04:30;Start Engenharia (Área 8B, 9 e 11) NEC;Técnico Enel Gilmar Campos;Não informado;Não informado
98;DAC/A.LES.25.00059;DAC;Remoção de Posto Primário;30/05/2026;Cancelado;FI;CANCELADO;356ET036324;09:30;13:30;ZZOUT-PSC Alpitel Área 9;Técnico Enel Gilmar Campos;Não informado;Não informado
99;DAC/A.LES.25.00060;DAC;Remoção de Posto Primário;30/05/2026;Cancelado;FI;RESOLVIDO;356ET036324;09:30;13:30;ZZOUT-PSC Alpitel Área 9;Técnico Enel Gilmar Campos;Não informado;Não informado
100;DAC/A.LES.25.00062;DAC;Remoção de Posto Primário;30/05/2026;Cancelado;FI;CANCELADO;356ET036324;09:30;13:30;ZZOUT-PSC Alpitel Área 9;Técnico Enel Gilmar Campos;Não informado;Não informado
101;DAC/A.NOR.23.00844;DAC;Afastamento de Rede (Clientes);30/05/2026;Liberado para Execução;OLVR;Não informado;351ET078272;08:00;17:00;Conecta Obras Extras (Área 4 e 5) NEC;Técnico Enel Gilmar Campos;Não informado;Não informado
102;DAC/A.NOR.23.00826;DAC;Afastamento de Rede (Clientes);30/05/2026;Liberado para Documentação;PIE;Não informado;351CF005850;09:00;13:00;Conecta Obras (Área 4 e 5) NEC;Técnico Enel Gilmar Campos;Não informado;Não informado
103;DAC/A.NOR.23.00831;DAC;Afastamento de Rede (Clientes);30/05/2026;Liberado para Documentação;PIE;Não informado;351CF005850;09:00;13:00;Conecta Obras Extras (Área 4 e 5) NEC;Técnico Enel Gilmar Campos;Não informado;Não informado
104;DAC/A.NOR.23.00841;DAC;Afastamento de Rede (Clientes);30/05/2026;Liberado para Documentação;PIE;Não informado;351CF005850;09:00;13:00;Conecta Obras Extras (Área 4 e 5) NEC;Técnico Enel Gilmar Campos;Não informado;Não informado
105;DAC/A.NOR.23.00698;DAC;Afastamento de Rede (Clientes);30/05/2026;Pendente de Aprovação;PIE;Não informado;351RA120112;08:00;17:00;Conecta Obras Extras (Área 4 e 5) NEC;Técnico Enel Gilmar Campos;Não informado;Não informado
106;DAC/A.NOR.23.00810;DAC;Afastamento de Rede (Clientes);30/05/2026;Pendente de Aprovação;PIE;Não informado;351RA120112;08:00;17:00;Conecta Obras Extras (Área 4 e 5) NEC;Técnico Enel Gilmar Campos;Não informado;Não informado
107;DAC/A.NOR.23.00811;DAC;Afastamento de Rede (Clientes);30/05/2026;Pendente de Aprovação;PIE;Não informado;351RA120112;08:00;17:00;Conecta Obras Extras (Área 4 e 5) NEC;Técnico Enel Gilmar Campos;Não informado;Não informado
108;DAC/A.NOR.23.00875;DAC;Afastamento de Rede (Clientes);30/05/2026;Pendente de Aprovação;PIE;Não informado;351RA120112;08:00;17:00;Conecta Obras (Área 4 e 5) NEC;Técnico Enel Gilmar Campos;Não informado;Não informado
109;DAC/A.NOR.23.00781;DAC;Afastamento de Rede (Clientes);30/05/2026;Pendente de Aprovação;PIE;Não informado;351RA120112;08:00;17:00;Conecta Obras Extras (Área 4 e 5) NEC;Técnico Enel Gilmar Campos;Não informado;Não informado
110;DAC/A.NOR.23.00812;DAC;Afastamento de Rede (Clientes);30/05/2026;Pendente de Aprovação;PIE;Não informado;351RA120112;08:00;17:00;Conecta Obras Extras (Área 4 e 5) NEC;Técnico Enel Gilmar Campos;Não informado;Não informado
111;DAC/A.NOR.26.00602;DAC;Afastamento de Rede (Clientes);30/05/2026;Liberado para Execução;OLVR;Não informado;354EP010952;09:00;17:00;Conecta Obras (Área 4 e 5) NEC;Técnico Enel Gilmar Campos;Não informado;Não informado
112;DAC/A.LES.25.01108;DAC;Ligação Nova;01/06/2026;Liberado para Execução;FI;16223598;020ET088197;09:30;12:30;Start Engenharia (Área 8B, 9 e 11) NEC;Técnico Enel Gilmar Campos;Não informado;Não informado
113;DAC/A.LES.25.01127;DAC;Ligação Provisória;01/06/2026;Liberado para Execução;FI;16237065;353ET057017;09:00;15:00;Start Engenharia (Área 8B, 9 e 11) NEC;Técnico Enel Gilmar Campos;Não informado;Não informado
114;DAC/A.LES.25.00909;DAC;Ligação Nova;01/06/2026;Liberado para Execução;FI;10235851;352ET001828;10:00;14:00;Start Engenharia (Área 8B, 9 e 11) NEC;Técnico Enel Gilmar Campos;Não informado;Não informado
115;DAC/A.LES.25.01051;DAC;Alteração de Carga;01/06/2026;Liberado para Execução;FI;16236945;353ET021114;10:00;14:00;Start Engenharia (Área 8B, 9 e 11) NEC;Técnico Enel Gilmar Campos;Não informado;Não informado
116;DAC/A.LES.25.01079;DAC;Alteração de Carga;01/06/2026;Liberado para Execução;FI;16236945;353ET001487;10:00;14:00;Start Engenharia (Área 8B, 9 e 11) NEC;Técnico Enel Gilmar Campos;Não informado;Não informado
117;DMP/A.LES.25.04136;DMP;Substituição de Poste em Mau Estado;01/06/2026;Liberado para Execução;PIE;16239686;353ET026848;09:30;12:30;Start Engenharia (Área 8B, 9 e 11) NEC;Técnico Enel Gilmar Campos;Não informado;Não informado
118;DMP/A.LES.25.05399;DMP;Substituição de Poste em Mau Estado;01/06/2026;Liberado para Execução;FI;16237029;353ET041466;14:30;17:30;Start Engenharia (Área 8B, 9 e 11) NEC;Técnico Enel Gilmar Campos;Não informado;Não informado
119;DMP/A.LES.25.05799;DMP;Reforma de Rede Secundaria RTRI;01/06/2026;Liberado para Execução;FI;16236992;353ET009910;10:00;14:00;Start Engenharia (Área 8B, 9 e 11) NEC;Técnico Enel Gilmar Campos;Não informado;Não informado
120;DMP/A.LES.24.03973;DMP;Reforma de Rede Secundaria RTRI;01/06/2026;Liberado para Execução;FI;16223271;010ET019528;09:30;12:30;Engelmig (Área 11) NEC e UPS;Técnico Enel Gilmar Campos;Não informado;Não informado
121;DMP/A.LES.24.03646;DMP;Reforma de Rede Secundaria RTRI;01/06/2026;Liberado para Execução;FI;16223425;010ET087347;14:00;16:00;Engelmig (Área 11) NEC e UPS;Técnico Enel Gilmar Campos;Não informado;Não informado
122;DMP/A.LES.23.01716;DMP;Reforma de Rede Secundária;01/06/2026;Liberado para Execução;FI;16223558;015ET887700;10:00;14:00;Engelmig (Área 11) NEC e UPS;Técnico Enel Gilmar Campos;Não informado;Não informado
123;DAC/A.LES.26.00360;DAC;Ligação Nova;01/06/2026;Liberado para Execução;FI;16235875;352ET022116;09:00;12:00;Start Engenharia (Área 8B, 9 e 11) NEC;Técnico Enel Gilmar Campos;Não informado;Não informado
124;DAC/A.LES.25.01243;DAC;Ligação Provisória;01/06/2026;Liberado para Execução;BRA;16275635;010IP013572;10:00;16:00;Start Engenharia (Área 8B, 9 e 11) NEC;Técnico Enel Gilmar Campos;Não informado;Não informado
125;DAC/A.LES.25.01080;DAC;Alteração de Carga;01/06/2026;Liberado para Execução;FI;16236945;353ET021114;10:00;14:00;Start Engenharia (Área 8B, 9 e 11) NEC;Técnico Enel Gilmar Campos;Não informado;Não informado
126;DAC/A.LES.23.00137;DAC;Ligação Nova;01/06/2026;Liberado para Execução;FI;16223534;015ET035936;14:00;17:00;Start Engenharia (Área 8B, 9 e 11) NEC;Técnico Enel Gilmar Campos;Não informado;Não informado
127;DAC/A.LES.25.00787;DAC;Ligação Nova;01/06/2026;Liberado para Execução;FI;16249709;356ET048799;13:00;17:00;Start Engenharia (Área 8B, 9 e 11) NEC;Técnico Enel Gilmar Campos;Não informado;Não informado
128;DAC/A.NOR.24.00614;DAC;Alteração de Carga;01/06/2026;Liberado para Execução;FI;16223795;251ET042397;10:00;14:00;Conecta Obras (Área 4 e 5) NEC;Técnico Enel Gilmar Campos;Não informado;Não informado
129;DAC/A.NOR.26.00285;DAC;Ligação Nova;01/06/2026;Liberado para Execução;FI;16235866;351BF059253;10:00;14:00;Conecta Obras (Área 4 e 5) NEC;Técnico Enel Gilmar Campos;Não informado;Não informado
130;DAC/A.NOR.26.00263;DAC;Ligação Nova;01/06/2026;Liberado para Execução;FI;16235866;351BF059253;10:00;14:00;Conecta Obras (Área 4 e 5) NEC;Técnico Enel Gilmar Campos;Não informado;Não informado
131;DAC/A.NOR.26.00430;DAC;Ligação Nova;01/06/2026;Liberado para Execução;FI;16237140;354BF000305;10:00;13:00;Conecta Obras (Área 4 e 5) NEC;Técnico Enel Gilmar Campos;Não informado;Não informado
132;DAC/A.NOR.26.00381;DAC;Alteração de Carga;01/06/2026;Liberado para Execução;FI;16234952;251ET060635;10:00;14:00;Conecta Obras (Área 4 e 5) NEC;Técnico Enel Gilmar Campos;Não informado;Não informado
133;DAC/A.NOR.26.00011;DAC;Ligação Provisória;01/06/2026;Liberado para Execução;FI;16253595;251ET081140;10:00;13:00;Conecta Obras (Área 4 e 5) NEC;Técnico Enel Gilmar Campos;Não informado;Não informado
134;DAC/A.NOR.25.01560;DAC;Alteração de Carga;01/06/2026;Liberado para Execução;FI;16235340;257BF061178;10:00;14:00;Conecta Obras (Área 4 e 5) NEC;Técnico Enel Gilmar Campos;Não informado;Não informado
135;DAC/A.NOR.23.00884;DAC;Afastamento de Rede (Clientes);01/06/2026;Liberado para Execução;FI;16236747;351ET024995;10:00;14:00;ZZOUT-Conecta Área 4 (Contrato Antigo);Técnico Enel Gilmar Campos;Não informado;Não informado
136;DAC/A.NOR.26.00325;DAC;Ligação Nova;01/06/2026;Liberado para Execução;FI;16239456;251ET131357;10:00;14:00;Conecta Obras (Área 4 e 5) NEC;Técnico Enel Gilmar Campos;Não informado;Não informado
137;DAC/A.NOR.26.00371;DAC;Ligação Nova;01/06/2026;Liberado para Execução;FI;16237188;DJCOG0107;10:00;14:00;Conecta Obras (Área 4 e 5) NEC;Técnico Enel Gilmar Campos;Não informado;Não informado
138;DAC/A.NOR.26.00250;DAC;Ligação Nova;01/06/2026;Liberado para Execução;BRA;16280208;257ET133688;08:00;17:00;Conecta Obras (Área 4 e 5) NEC;Técnico Enel Gilmar Campos;Não informado;Não informado
139;DAC/A.NOR.26.00226;DAC;Ligação Provisória;01/06/2026;Liberado para Execução;BRA;16275070;251EP007509;08:00;17:00;Conecta Obras (Área 4 e 5) NEC;Técnico Enel Gilmar Campos;Não informado;Não informado
140;DAC/A.NOR.25.01075;DAC;Ligação Nova;01/06/2026;Liberado para Execução;BRA;16280817;354ET070749;08:00;17:00;Conecta Obras (Área 4 e 5) NEC;Técnico Enel Gilmar Campos;Não informado;Não informado
141;DMP/A.NOR.26.01480;DMP;Adequação da Proteção;01/06/2026;Liberado para Execução;BRA;16275822;152ET030216;08:00;17:00;Conecta Obras (Área 4 e 5) NEC;Técnico Enel Gilmar Campos;Não informado;Não informado
142;DAC/A.NOR.26.00296;DAC;Remoção de Poste;01/06/2026;Liberado para Execução;FI;16239456;251ET131357;10:00;14:00;Conecta Obras (Área 4 e 5) NEC;Técnico Enel Gilmar Campos;Não informado;Não informado
143;DAC/A.LES.25.01253;DAC;Ligação Nova;01/06/2026;Liberado para Execução;OLVR;Não informado;352ET162453;10:00;15:00;Start Engenharia (Área 8B, 9 e 11) NEC;Técnico Enel Gilmar Campos;Não informado;Não informado
144;DAC/A.NOR.24.01290;DAC;Afastamento de Rede (Clientes);01/06/2026;Liberado para Execução;BRA;16280760;DJITA0110;08:00;17:00;Conecta Obras Extras (Área 4 e 5) NEC;Técnico Enel Gilmar Campos;Não informado;Não informado
145;DAC/A.NOR.26.00135;DAC;Alteração de Carga;01/06/2026;Liberado para Execução;BRA;16280080;251ET038848;08:00;17:00;Conecta Obras (Área 4 e 5) NEC;Técnico Enel Gilmar Campos;Não informado;Não informado
146;DAC/A.NOR.26.00147;DAC;Ligação Nova;01/06/2026;Liberado para Execução;BRA;16280052;251ET013885;08:00;17:00;Conecta Obras (Área 4 e 5) NEC;Técnico Enel Gilmar Campos;Não informado;Não informado
147;DAC/A.LES.25.01151;DAC;Ligação Nova;02/06/2026;Liberado para Execução;FI;16240296;356ET071844;09:30;13:30;Start Engenharia (Área 8B, 9 e 11) NEC;Técnico Enel Gilmar Campos;Não informado;Não informado
148;DMP/A.LES.25.07749;DMP;Reforma de Rede Secundaria RTRI;02/06/2026;Liberado para Execução;FI;16269856;356ET052911;10:00;14:00;Start Engenharia (Área 8B, 9 e 11) NEC;Técnico Enel Gilmar Campos;Não informado;Não informado
149;DMP/A.LES.25.07748;DMP;Reforma de Rede Secundaria RTRI;02/06/2026;Liberado para Execução;FI;16269856;356ET052911;10:00;14:00;Start Engenharia (Área 8B, 9 e 11) NEC;Técnico Enel Gilmar Campos;Não informado;Não informado
150;DMP/A.NOR.25.06869;DMP;Segurança Operativa;02/06/2026;Liberado para Execução;PIE;16241222;251ET023822;10:00;14:00;Conecta Obras (Área 4 e 5) NEC;Técnico Enel Gilmar Campos;Não informado;Não informado
151;DAC/A.LES.24.00986;DAC;Ligação Nova;02/06/2026;Liberado para Execução;FI;16240103;353ET022750;23:00;03:00;Start Engenharia (Área 8B, 9 e 11) NEC;Técnico Enel Gilmar Campos;Não informado;Não informado
152;DAC/A.LES.25.01032;DAC;Ligação Nova;02/06/2026;Liberado para Execução;FI;16240471;356ET075705;09:30;13:30;Start Engenharia (Área 8B, 9 e 11) NEC;Técnico Enel Gilmar Campos;Não informado;Não informado
153;DAC/A.LES.25.01235;DAC;Alteração de Carga;02/06/2026;Liberado para Execução;FI;16239772;010ET229841;01:30;04:30;Start Engenharia (Área 8B, 9 e 11) NEC;Técnico Enel Gilmar Campos;Não informado;Não informado
154;DMP/A.LES.25.04823;DMP;Reforma de Rede Secundaria RTRI;02/06/2026;Liberado para Execução;FI;16237553;020ET068187;09:30;13:30;Engelmig (Área 11) NEC e UPS;Técnico Enel Gilmar Campos;Não informado;Não informado
155;DAC/A.NOR.25.01712;DAC;Remoção de Posto Primário;02/06/2026;Liberado para Execução;PIE;16241994;354EP010096;10:00;14:00;Conecta Obras (Área 4 e 5) NEC;Técnico Enel Gilmar Campos;Não informado;Não informado
156;DAC/A.NOR.25.01697;DAC;Remoção de Posto Primário;02/06/2026;Liberado para Execução;PIE;16241994;354EP010096;10:00;14:00;Conecta Obras (Área 4 e 5) NEC;Técnico Enel Gilmar Campos;Não informado;Não informado
157;DAC/A.NOR.25.00965;DAC;Ligação Nova;02/06/2026;Liberado para Execução;PIE;16241540;257ET004653;10:00;14:00;Conecta Obras (Área 4 e 5) NEC;Técnico Enel Gilmar Campos;Não informado;Não informado
158;DAC/A.NOR.26.00372;DAC;Ligação Nova;02/06/2026;Liberado para Execução;FI;16248857;257ET008627;10:00;14:00;Conecta Obras (Área 4 e 5) NEC;Técnico Enel Gilmar Campos;Não informado;Não informado
159;DAC/A.NOR.26.00306;DAC;Alteração de Carga;02/06/2026;Liberado para Execução;FI;16240222;354ET017430;10:00;13:00;Conecta Obras (Área 4 e 5) NEC;Técnico Enel Gilmar Campos;Não informado;Não informado
160;DMP/A.NOR.25.01550;DMP;Termografia;02/06/2026;Liberado para Execução;BRA;16285236;257CF005189;09:00;17:00;Conecta Obras (Área 4 e 5) NEC;Técnico Enel Gilmar Campos;Não informado;Não informado
161;DMP/A.LES.25.01161;DMP;Rede Compacta;02/06/2026;Liberado para Execução;PIE;16254169;010ET016535;10:00;14:00;Start Engenharia (Área 8B, 9 e 11) NEC;Técnico Enel Gilmar Campos;Não informado;Não informado
162;DMP/A.LES.25.01162;DMP;Rede Compacta;02/06/2026;Liberado para Execução;PIE;16254169;010ET022796;10:00;14:00;Start Engenharia (Área 8B, 9 e 11) NEC;Técnico Enel Gilmar Campos;Não informado;Não informado
163;DMP/A.LES.25.07641;DMP;Progr. Substituição de Postes de Madeira;02/06/2026;Liberado para Execução;FI;16239865;010ET066745;10:00;13:00;Start Engenharia (Área 8B, 9 e 11) NEC;Técnico Enel Gilmar Campos;Não informado;Não informado
164;DAC/A.LES.26.00592;DAC;Ligação Nova;02/06/2026;Liberado para Execução;FI;16240440;356ET160245;10:00;14:00;Start Engenharia (Área 8B, 9 e 11) NEC;Técnico Enel Gilmar Campos;Não informado;Não informado
165;DAC/A.NOR.25.01206;DAC;Alteração de Carga;02/06/2026;Liberado para Execução;FI;16240068;257ET122716;10:00;12:00;Conecta Obras (Área 4 e 5) NEC;Técnico Enel Gilmar Campos;Não informado;Não informado
166;DAC/A.NOR.26.00328;DAC;Remoção de Poste;02/06/2026;Liberado para Execução;FI;16239967;257ET096094;10:00;14:00;Conecta Obras (Área 4 e 5) NEC;Técnico Enel Gilmar Campos;Não informado;Não informado
167;DAC/A.NOR.26.00233;DAC;Remoção de Poste;02/06/2026;Liberado para Execução;FI;16239742;251ET097796;10:00;14:00;Conecta Obras (Área 4 e 5) NEC;Técnico Enel Gilmar Campos;Não informado;Não informado
168;DAC/A.NOR.26.00468;DAC;Alteração de Carga;02/06/2026;Liberado para Execução;FI;16240337;354ET032365;10:00;14:00;Conecta Obras (Área 4 e 5) NEC;Técnico Enel Gilmar Campos;Não informado;Não informado
169;DAC/A.NOR.26.00467;DAC;Ligação Nova;02/06/2026;Liberado para Execução;FI;16240337;354ET032365;10:00;14:00;Conecta Obras (Área 4 e 5) NEC;Técnico Enel Gilmar Campos;Não informado;Não informado
170;DAC/A.NOR.26.00379;DAC;Alteração de Carga;02/06/2026;Liberado para Execução;FI;16240204;354BF013245;10:00;14:00;Conecta Obras (Área 4 e 5) NEC;Técnico Enel Gilmar Campos;Não informado;Não informado
171;DAC/A.LES.25.01008;DAC;Ligação Nova;02/06/2026;Liberado para Execução;BRA;16285062;356ET055350;13:00;16:00;Start Engenharia (Área 8B, 9 e 11) NEC;Técnico Enel Gilmar Campos;Não informado;Não informado
172;DAC/A.LES.25.01253;DAC;Ligação Nova;02/06/2026;Liberado para Execução;OLVR;Não informado;352ET162453;10:00;15:00;Start Engenharia (Área 8B, 9 e 11) NEC;Técnico Enel Gilmar Campos;Não informado;Não informado
173;DAC/A.NOR.25.01495;DAC;Migração para Média Tensão;02/06/2026;Liberado para Execução;OLVR;Não informado;351BF500491;09:00;17:00;Conecta Obras (Área 4 e 5) NEC;Técnico Enel Gilmar Campos;Não informado;Não informado
174;DAC/A.SUL.25.01441;DAC;Alteração de Carga;02/06/2026;Liberado para Execução;BRA;16284828;035ET079478;09:00;16:00;ZZOUT-PSC Alpitel Área 9;Técnico Enel Gilmar Campos;Não informado;Não informado
175;DAC/A.SUL.25.01453;DAC;Alteração de Carga;02/06/2026;Liberado para Execução;BRA;16284828;035ET079478;09:00;16:00;ZZOUT-PSC Alpitel Área 9;Técnico Enel Gilmar Campos;Não informado;Não informado
176;DAC/A.LES.25.00692;DAC;Ligação Provisória;03/06/2026;Liberado para Execução;FI;16250847;352ET080162;13:00;16:00;Start Engenharia (Área 8B, 9 e 11) NEC;Técnico Enel Gilmar Campos;Não informado;Não informado
177;DMP/A.LES.25.06402;DMP;Reforma de Rede Secundaria RTRI;03/06/2026;Cancelado;FI;CANCELADO;352ET048088;10:00;14:00;Start Engenharia (Área 8B, 9 e 11) NEC;Técnico Enel Gilmar Campos;Não informado;Não informado
178;DMP/A.LES.25.06904;DMP;Reforma de Rede Secundaria RTRI;03/06/2026;Cancelado;FI;CANCELADO;352ET160323;10:00;14:00;Start Engenharia (Área 8B, 9 e 11) NEC;Técnico Enel Gilmar Campos;Não informado;Não informado
179;DAC/A.NOR.25.01476;DAC;Ligação Nova;03/06/2026;Liberado para Execução;PIE;16254543;354ET067532;10:00;14:00;Conecta Obras (Área 4 e 5) NEC;Técnico Enel Gilmar Campos;Não informado;Não informado
180;DAC/A.LES.25.01120;DAC;Ligação Provisória;03/06/2026;Liberado para Execução;FI;16244454;353ET003795;09:00;12:00;Start Engenharia (Área 8B, 9 e 11) NEC;Técnico Enel Gilmar Campos;Não informado;Não informado
181;DMP/A.LES.25.04824;DMP;Reforma de Rede Secundaria RTRI;03/06/2026;Liberado para Execução;FI;16240552;020ET088861;10:00;14:00;Engelmig (Área 11) NEC e UPS;Técnico Enel Gilmar Campos;Não informado;Não informado
182;DAC/A.LES.24.00479;DAC;Ligação Nova;03/06/2026;Liberado para Execução;FI;16265190;010ET080724;10:00;14:00;Start Engenharia (Área 8B, 9 e 11) NEC;Técnico Enel Gilmar Campos;Não informado;Não informado
183;DAC/A.LES.24.00507;DAC;Ligação Nova;03/06/2026;Liberado para Execução;FI;16265190;010ET080724;10:00;14:00;Start Engenharia (Área 8B, 9 e 11) NEC;Técnico Enel Gilmar Campos;Não informado;Não informado
184;DAC/A.LES.25.00855;DAC;Remoção de Poste;03/06/2026;Liberado para Execução;FI;16250965;356ET042482;10:00;14:00;Start Engenharia (Área 8B, 9 e 11) NEC;Técnico Enel Gilmar Campos;Não informado;Não informado
185;DAC/A.LES.25.00856;DAC;Remoção de Poste;03/06/2026;Liberado para Execução;FI;16250965;356ET162220;10:00;14:00;Start Engenharia (Área 8B, 9 e 11) NEC;Técnico Enel Gilmar Campos;Não informado;Não informado
186;DAC/A.LES.25.00695;DAC;Ligação Nova;03/06/2026;Liberado para Execução;FI;16244506;353ET005194;03:30;05:30;Start Engenharia (Área 8B, 9 e 11) NEC;Técnico Enel Gilmar Campos;Não informado;Não informado
187;DAC/A.NOR.26.00392;DAC;Ligação Provisória;03/06/2026;Cancelado;FI;CANCELADO;257ET027775;10:30;14:30;Conecta Obras (Área 4 e 5) NEC;Técnico Enel Gilmar Campos;Não informado;Não informado
188;DAC/A.NOR.24.00064;DAC;Alteração de Carga;03/06/2026;Liberado para Execução;FI;16244408;351ET078609;10:00;14:00;Conecta Obras (Área 4 e 5) NEC;Técnico Enel Gilmar Campos;Não informado;Não informado
189;DAC/A.SUL.26.00446;DAC;Alteração de Carga;03/06/2026;Liberado para Execução;FI;16241857;151ET003801;10:30;14:30;Conecta Obras (Área 4 e 5) NEC;Técnico Enel Gilmar Campos;Não informado;Não informado
190;DAC/A.NOR.25.01445;DAC;Ligação Nova;03/06/2026;Liberado para Execução;FI;16249834;257ET009769;10:00;14:00;Conecta Obras (Área 4 e 5) NEC;Técnico Enel Gilmar Campos;Não informado;Não informado
191;DAC/A.NOR.25.01793;DAC;Migração para Média Tensão;03/06/2026;Liberado para Documentação;BRA;Não informado;257CF004834;09:00;17:00;Conecta Obras (Área 4 e 5) NEC;Técnico Enel Gilmar Campos;Não informado;Não informado
192;DAC/A.NOR.25.01348;DAC;Ligação Provisória;03/06/2026;Liberado para Execução;FI;16249337;257ET000442;10:00;14:00;Conecta Obras (Área 4 e 5) NEC;Técnico Enel Gilmar Campos;Não informado;Não informado
193;DAC/A.NOR.25.00137;DAC;Alteração de Carga;03/06/2026;Liberado para Execução;FI;16241557;251ET046285;10:00;14:00;Conecta Obras (Área 4 e 5) NEC;Técnico Enel Gilmar Campos;Não informado;Não informado
194;DMP/A.SUL.25.00021;DMP;Rede Compacta;04/06/2026;Liberado para Execução;FI;16244595;035ET050693;09:30;13:30;Engelmig (Área 11) NEC e UPS;Técnico Enel Gilmar Campos;Não informado;Não informado
195;DMP/A.LES.25.01918;DMP;Reforma de Rede Secundaria RTRI;04/06/2026;Liberado para Execução;FI;16245112;356ET057717;09:30;13:30;Engelmig (Área 11) NEC e UPS;Técnico Enel Gilmar Campos;Não informado;Não informado
196;DAC/A.LES.25.01075;DAC;Alteração de Carga;04/06/2026;Liberado para Execução;FI;16245205;353ET037939;00:30;04:30;Start Engenharia (Área 8B, 9 e 11) NEC;Técnico Enel Gilmar Campos;Não informado;Não informado
197;DAC/A.LES.25.01019;DAC;Alteração de Carga;05/06/2026;Liberado para Execução;FI;16246800;353ET010230;10:00;14:00;Start Engenharia (Área 8B, 9 e 11) NEC;Técnico Enel Gilmar Campos;Não informado;Não informado
198;DAC/A.LES.26.00370;DAC;Ligação Nova;05/06/2026;Liberado para Execução;FI;16246816;353ET034315;14:00;17:00;Start Engenharia (Área 8B, 9 e 11) NEC;Técnico Enel Gilmar Campos;Não informado;Não informado
199;DMP/A.LES.24.02793;DMP;Reforma de Rede Secundaria RTRI;05/06/2026;Liberado para Execução;FI;16245339;010ET032050;10:00;14:00;Engelmig (Área 11) NEC e UPS;Técnico Enel Gilmar Campos;Não informado;Não informado
200;DAC/A.LES.26.00351;DAC;Ligação Nova;05/06/2026;Liberado para Execução;PIE;16267570;356ET062926;10:00;15:00;Start Engenharia (Área 8B, 9 e 11) NEC;Técnico Enel Gilmar Campos;Não informado;Não informado
201;DAC/A.LES.26.00209;DAC;Ligação Nova;05/06/2026;Liberado para Execução;PIE;16267570;356ET062926;10:00;15:00;Start Engenharia (Área 8B, 9 e 11) NEC;Técnico Enel Gilmar Campos;Não informado;Não informado
202;DAC/A.LES.26.00352;DAC;Ligação Nova;05/06/2026;Liberado para Execução;PIE;16267570;356ET062926;10:00;15:00;Start Engenharia (Área 8B, 9 e 11) NEC;Técnico Enel Gilmar Campos;Não informado;Não informado
203;DAC/A.NOR.25.01132;DAC;Migração para Média Tensão;05/06/2026;Liberado para Execução;PIE;16251525;351EP044709;10:30;13:00;Conecta Obras (Área 4 e 5) NEC;Técnico Enel Gilmar Campos;Não informado;Não informado
204;DAC/A.NOR.25.01424;DAC;Ligação Nova;05/06/2026;Liberado para Execução;PIE;16271037;351EP050791;10:00;14:00;Conecta Obras (Área 4 e 5) NEC;Técnico Enel Gilmar Campos;Não informado;Não informado
205;DAC/A.LES.25.01062;DAC;Ligação Provisória;05/06/2026;Liberado para Execução;FI;16254615;ET-160650;10:00;14:00;Start Engenharia (Área 8B, 9 e 11) NEC;Técnico Enel Gilmar Campos;Não informado;Não informado
206;DAC/A.LES.25.01090;DAC;Ligação Provisória;05/06/2026;Liberado para Execução;FI;16254615;ET-160650;10:00;14:00;Start Engenharia (Área 8B, 9 e 11) NEC;Técnico Enel Gilmar Campos;Não informado;Não informado
207;DMP/A.LES.25.01131;DMP;Rede Compacta;05/06/2026;Liberado para Execução;FI;16257812;010ET053870;10:00;13:00;Start Engenharia (Área 8B, 9 e 11) NEC;Técnico Enel Gilmar Campos;Não informado;Não informado
208;DAC/A.LES.25.00992;DAC;Ligação Nova;05/06/2026;Liberado para Execução;FI;16245397;020ET018889;23:00;02:00;Start Engenharia (Área 8B, 9 e 11) NEC;Técnico Enel Gilmar Campos;Não informado;Não informado
209;DAC/A.LES.25.01142;DAC;Ligação Nova;05/06/2026;Liberado para Execução;FI;16247011;356ET163133;10:00;13:00;Start Engenharia (Área 8B, 9 e 11) NEC;Técnico Enel Gilmar Campos;Não informado;Não informado
210;DAC/A.NOR.25.01763;DAC;Ligação Nova;05/06/2026;Liberado para Execução;FI;16254291;257IP19J091;10:00;14:00;Conecta Obras (Área 4 e 5) NEC;Técnico Enel Gilmar Campos;Não informado;Não informado
211;DAC/A.NOR.25.00786;DAC;Ligação Nova;05/06/2026;Liberado para Documentação;BRA;Não informado;351ET132512;09:00;17:00;Conecta Obras (Área 4 e 5) NEC;Técnico Enel Gilmar Campos;Não informado;Não informado
212;DAC/A.NOR.26.00426;DAC;Ligação Provisória;05/06/2026;Liberado para Execução;FI;16251234;151EP000844;10:00;14:00;Conecta Obras (Área 4 e 5) NEC;Técnico Enel Gilmar Campos;Não informado;Não informado
213;DAC/A.NOR.25.01373;DAC;Ligação Nova;05/06/2026;Liberado para Execução;FI;16251440;251ET014226;10:00;14:00;Conecta Obras (Área 4 e 5) NEC;Técnico Enel Gilmar Campos;Não informado;Não informado
214;DAC/A.NOR.25.01116;DAC;Ligação Nova;05/06/2026;Liberado para Execução;FI;16254474;354ET014792;10:00;14:00;Conecta Obras (Área 4 e 5) NEC;Técnico Enel Gilmar Campos;Não informado;Não informado
215;DAC/A.NOR.24.01511;DAC;Ligação Nova;05/06/2026;Liberado para Execução;FI;16254181;257ET120020;10:00;14:00;Conecta Obras (Área 4 e 5) NEC;Técnico Enel Gilmar Campos;Não informado;Não informado
216;DAC/A.NOR.25.01104;DAC;Alteração de Carga;05/06/2026;Liberado para Execução;FI;16253746;251ET121759;10:00;14:00;Conecta Obras (Área 4 e 5) NEC;Técnico Enel Gilmar Campos;Não informado;Não informado
217;DAC/A.NOR.25.01040;DAC;Ligação Nova;05/06/2026;Liberado para Execução;FI;16253746;251ET121759;10:00;14:00;Conecta Obras (Área 4 e 5) NEC;Técnico Enel Gilmar Campos;Não informado;Não informado
218;DAC/A.NOR.26.00099;DAC;Alteração de Carga;05/06/2026;Liberado para Execução;FI;16251460;251ET020775;10:00;14:00;Conecta Obras (Área 4 e 5) NEC;Técnico Enel Gilmar Campos;Não informado;Não informado
219;DAC/A.OES.25.02162;DAC;Ligação Nova;05/06/2026;Liberado para Documentação;BRA;Não informado;151ET085019;09:00;17:00;Conecta Obras (Área 4 e 5) NEC;Técnico Enel Gilmar Campos;Não informado;Não informado
220;DAC/A.NOR.25.01428;DAC;Ligação Nova;05/06/2026;Liberado para Documentação;BRA;Não informado;351CF008232;08:00;17:00;Conecta Obras (Área 4 e 5) NEC;Técnico Enel Gilmar Campos;Não informado;Não informado
221;DAC/A.SUL.26.00013;DAC;Migração para Média Tensão;05/06/2026;Liberado para Documentação;BRA;Não informado;355ET170167;09:00;16:00;ZZOUT-PSC Alpitel Área 9;Técnico Enel Gilmar Campos;Não informado;Não informado
222;DAC/A.NOR.23.00635;DAC;Afastamento de Rede (Clientes);05/06/2026;Pendente de Aprovação;PIE;Não informado;351RA120112;09:00;11:00;Conecta Obras Extras (Área 4 e 5) NEC;Técnico Enel Gilmar Campos;Não informado;Não informado
223;DAC/A.NOR.22.01134;DAC;Afastamento de Rede (Clientes);05/06/2026;Pendente de Aprovação;PIE;Não informado;351RA120112;09:00;11:00;Conecta Obras Extras (Área 4 e 5) NEC;Técnico Enel Gilmar Campos;Não informado;Não informado
224;DAC/A.NOR.23.00841;DAC;Afastamento de Rede (Clientes);05/06/2026;Pendente de Aprovação;PIE;Não informado;351RA120112;09:00;11:00;Conecta Obras Extras (Área 4 e 5) NEC;Técnico Enel Gilmar Campos;Não informado;Não informado
225;DAC/A.NOR.23.00780;DAC;Afastamento de Rede (Clientes);05/06/2026;Pendente de Aprovação;PIE;Não informado;351RA120112;09:00;11:00;Conecta Obras Extras (Área 4 e 5) NEC;Técnico Enel Gilmar Campos;Não informado;Não informado
226;DAC/A.NOR.23.00698;DAC;Afastamento de Rede (Clientes);05/06/2026;Pendente de Aprovação;PIE;Não informado;351RA120112;09:00;11:00;Conecta Obras Extras (Área 4 e 5) NEC;Técnico Enel Gilmar Campos;Não informado;Não informado
227;DAC/A.NOR.23.00781;DAC;Afastamento de Rede (Clientes);05/06/2026;Pendente de Aprovação;PIE;Não informado;351RA120112;09:00;11:00;Conecta Obras Extras (Área 4 e 5) NEC;Técnico Enel Gilmar Campos;Não informado;Não informado
228;DAC/A.NOR.23.00799;DAC;Afastamento de Rede (Clientes);05/06/2026;Pendente de Aprovação;PIE;Não informado;351RA120112;09:00;11:00;Conecta Obras Extras (Área 4 e 5) NEC;Técnico Enel Gilmar Campos;Não informado;Não informado
229;DAC/A.NOR.23.00810;DAC;Afastamento de Rede (Clientes);05/06/2026;Pendente de Aprovação;PIE;Não informado;351RA120112;09:00;11:00;Conecta Obras Extras (Área 4 e 5) NEC;Técnico Enel Gilmar Campos;Não informado;Não informado
230;DAC/A.NOR.23.00811;DAC;Afastamento de Rede (Clientes);05/06/2026;Pendente de Aprovação;PIE;Não informado;351RA120112;09:00;11:00;Conecta Obras Extras (Área 4 e 5) NEC;Técnico Enel Gilmar Campos;Não informado;Não informado
231;DAC/A.NOR.23.00812;DAC;Afastamento de Rede (Clientes);05/06/2026;Pendente de Aprovação;PIE;Não informado;351RA120112;09:00;11:00;Conecta Obras Extras (Área 4 e 5) NEC;Técnico Enel Gilmar Campos;Não informado;Não informado
232;DAC/A.LES.25.00943;DAC;Alteração de Carga;06/06/2026;Liberado para Execução;FI;16249031;015ET004710;03:00;05:00;Start Engenharia (Área 8B, 9 e 11) NEC;Técnico Enel Gilmar Campos;Não informado;Não informado
233;DAC/A.NOR.25.00986;DAC;Remoção de Posto Primário;06/06/2026;Liberado para Execução;PIE;DEVOLVIDO;354CF019085;10:00;15:00;Conecta Obras Extras (Área 4 e 5) NEC;Técnico Enel Gilmar Campos;Não informado;Não informado
234;DAC/A.NOR.25.01771;DAC;Alteração de Carga;06/06/2026;Liberado para Execução;PIE;16258123;257IP19J307;10:00;14:00;Conecta Obras (Área 4 e 5) NEC;Técnico Enel Gilmar Campos;Não informado;Não informado
235;DAC/A.LES.25.01089;DAC;Ligação Nova;06/06/2026;Cancelado;PIE;DEVOLVIDO;356ET162584;10:00;14:00;Start Engenharia (Área 8B, 9 e 11) NEC;Técnico Enel Gilmar Campos;Não informado;Não informado
236;DAC/A.LES.25.01311;DAC;Ligação Provisória;06/06/2026;Liberado para Execução;PIE;DEVOLVIDO;356ET162584;10:00;14:00;Start Engenharia (Área 8B, 9 e 11) NEC;Técnico Enel Gilmar Campos;Não informado;Não informado
237;DMP/A.NOR.25.07514;DMP;Segurança Operativa;06/06/2026;Liberado para Execução;PIE;16255851;251ET133765;10:30;14:30;Conecta Obras (Área 4 e 5) NEC;Técnico Enel Gilmar Campos;Não informado;Não informado
238;DAC/A.LES.25.01091;DAC;Ligação Nova;06/06/2026;Cancelado;FI;CANCELADO;356ET058313;10:00;14:00;Start Engenharia (Área 8B, 9 e 11) NEC;Técnico Enel Gilmar Campos;Não informado;Não informado
239;DMP/A.NOR.25.07546;DMP;Segurança Operativa;06/06/2026;Liberado para Execução;PIE;16255851;251ET133765;10:30;14:30;Conecta Obras (Área 4 e 5) NEC;Técnico Enel Gilmar Campos;Não informado;Não informado
240;DAC/A.NOR.25.01302;DAC;Ligação Nova;06/06/2026;Liberado para Execução;FI;16256267;251ET004045;10:00;14:00;Conecta Obras (Área 4 e 5) NEC;Técnico Enel Gilmar Campos;Não informado;Não informado
241;DAC/A.LES.24.00803;DAC;Ligação Nova;06/06/2026;Cancelado;FI;CANCELADO;356ET058313;10:00;14:00;Start Engenharia (Área 8B, 9 e 11) NEC;Técnico Enel Gilmar Campos;Não informado;Não informado
242;DAC/A.LES.25.00125;DAC;Alteração de Carga;06/06/2026;Liberado para Execução;FI;16258410;353ET024222;10:00;14:00;Start Engenharia (Área 8B, 9 e 11) NEC;Técnico Enel Gilmar Campos;Não informado;Não informado
243;DAC/A.LES.25.00103;DAC;Alteração de Carga;06/06/2026;Liberado para Execução;FI;16258410;353ET024222;10:00;14:00;Start Engenharia (Área 8B, 9 e 11) NEC;Técnico Enel Gilmar Campos;Não informado;Não informado
244;DAC/A.LES.25.00117;DAC;Alteração de Carga;06/06/2026;Liberado para Execução;FI;16258410;353ET024222;10:00;14:00;Start Engenharia (Área 8B, 9 e 11) NEC;Técnico Enel Gilmar Campos;Não informado;Não informado
245;DAC/A.NOR.26.00232;DAC;Remoção de Poste;06/06/2026;Liberado para Execução;PIE;16258123;257CF110607;10:00;14:00;Conecta Obras (Área 4 e 5) NEC;Técnico Enel Gilmar Campos;Não informado;Não informado
246;DAC/A.NOR.25.01713;DAC;Remoção de Poste;06/06/2026;Liberado para Execução;FI;16255530;251ET008379;10:00;13:00;Conecta Obras (Área 4 e 5) NEC;Técnico Enel Gilmar Campos;Não informado;Não informado
247;DAC/A.NOR.25.01140;DAC;Ligação Nova;06/06/2026;Liberado para Execução;FI;16256178;152BF020360;10:00;12:00;Conecta Obras (Área 4 e 5) NEC;Técnico Enel Gilmar Campos;Não informado;Não informado
248;DAC/A.NOR.25.01172;DAC;Ligação Nova;06/06/2026;Liberado para Execução;FI;16256850;257ET012461;14:00;16:00;Conecta Obras (Área 4 e 5) NEC;Técnico Enel Gilmar Campos;Não informado;Não informado
249;DAC/A.NOR.25.00226;DAC;Ligação Provisória;06/06/2026;Liberado para Execução;OLVR;Não informado;351CF012050;09:00;17:00;Conecta Obras (Área 4 e 5) NEC;Técnico Enel Gilmar Campos;Não informado;Não informado
250;DAC/A.NOR.25.01011;DAC;Ligação Nova;06/06/2026;Liberado para Execução;FI;16256944;257ET055233;10:00;14:00;Conecta Obras (Área 4 e 5) NEC;Técnico Enel Gilmar Campos;Não informado;Não informado
251;DAC/A.NOR.26.00224;DAC;Alteração de Carga;06/06/2026;Liberado para Execução;FI;16258103;354ET143116;10:00;14:00;Conecta Obras (Área 4 e 5) NEC;Técnico Enel Gilmar Campos;Não informado;Não informado
252;DAC/A.LES.26.00625;DAC;Ligação Nova;06/06/2026;Liberado para Execução;FI;16271106;"ET-161139; ET-166978";10:00;14:00;Start Engenharia (Área 8B, 9 e 11) NEC;Técnico Enel Gilmar Campos;Não informado;Não informado
253;DAC/A.NOR.25.01772;DAC;Remoção de Posto Primário;06/06/2026;Liberado para Documentação;BRA;Não informado;354ET005029;08:00;17:00;Conecta Obras (Área 4 e 5) NEC;Técnico Enel Gilmar Campos;Não informado;Não informado
